symbol,strategy,entry_time,direction,trend,btc_regime,regime,entry,stop_loss,tp1,tp2,rr,actual_rr,rsi,rsi_dir,ema_spread_pct,atr_pct,pb_candles,entry_body_pct,ema21_dist_pct,entry_delay_1h,size_multiplier,risk_usd,position_size,outcome,exit_price,exit_reason,candles_held,pnl
ALT/USDT,S5,2026-01-01 20:00,LONG,range,n/a,TRANSITIONAL,0.01252,0.011716,0.014128,0.015736,2.0,1.56,72.1,,5.66,2.3,,,,0,0.5,25.0,31094.5274,tp1+trail,0.013778,trail_stop,71,44.56
RENDER/USDT,S5,2026-01-02 00:00,LONG,range,n/a,TRENDING,1.383,1.321453,1.506094,1.629188,2.0,2.96,73.8,,3.64,1.67,,,,0,0.25,12.5,203.0968,tp1+trail,1.564906,trail_stop,10,30.97
NEAR/USDT,S5,2026-01-02 04:00,LONG,range,n/a,TRENDING,1.656,1.554527,1.858946,2.061892,2.0,0.96,73.1,,4.55,1.99,,,,0,0.25,12.5,123.1855,timeout,1.753,timeout,240,11.95
ENA/USDT,S5,2026-01-02 16:00,LONG,range,n/a,TRENDING,0.2319,0.210079,0.275542,0.319184,2.0,-0.38,76.2,,7.86,2.43,,,,0,0.5,25.0,1145.6853,timeout,0.2235,timeout,240,-9.62
LTC/USDT,S5,2026-01-02 16:00,LONG,range,n/a,TRANSITIONAL,80.55,78.499936,84.650128,88.750256,2.0,1.21,63.4,,4.19,1.34,,,,0,0.25,12.5,6.0974,tp1+trail,83.029936,trail_stop,96,20.06
PENGU/USDT,S5,2026-01-02 16:00,LONG,range,n/a,TRENDING,0.010405,0.009058,0.013099,0.015793,2.0,1.74,79.2,,7.69,2.57,,,,0,0.5,25.0,18559.7624,tp1+trail,0.012752,trail_stop,47,46.78
RENDER/USDT,S5,2026-01-02 16:00,LONG,range,n/a,TRENDING,1.513,1.4053,1.7284,1.9438,2.0,2.39,76.5,,14.15,2.74,,,,0,0.5,25.0,232.1263,tp1+trail,1.7709,trail_stop,30,54.93
SUI/USDT,S5,2026-01-02 16:00,LONG,range,n/a,TRANSITIONAL,1.5341,1.447567,1.707166,1.880232,2.0,2.05,71.4,,5.3,1.78,,,,0,0.25,12.5,144.4536,tp1+trail,1.711599,trail_stop,49,25.32
WLD/USDT,S5,2026-01-02 16:00,LONG,range,n/a,TRENDING,0.5371,0.507448,0.596404,0.655708,2.0,1.44,71.7,,7.24,2.07,,,,0,0.5,25.0,843.1134,tp1+trail,0.57975,trail_stop,15,42.98
LINK/USDT,S5,2026-01-02 20:00,LONG,range,n/a,TRENDING,13.28,12.712456,14.415088,15.550176,2.0,-0.3,74.1,,5.16,1.62,,,,0,0.25,12.5,22.0247,timeout,13.11,timeout,240,-3.74
ATOM/USDT,S5,2026-01-02 20:00,LONG,range,n/a,TRENDING,2.15,2.064721,2.320558,2.491116,2.0,1.71,71.3,,9.89,1.61,,,,0,0.25,12.5,146.5777,tp1+trail,2.296161,trail_stop,40,23.21
TRX/USDT,S5,2026-01-02 20:00,LONG,range,n/a,RANGING,0.2869,0.283808,0.293084,0.299268,2.0,2.21,60.7,,1.35,0.48,,,,0,0.25,12.5,4042.6908,tp1+trail,0.293724,trail_stop,34,26.29
ADA/USDT,S5,2026-01-03 00:00,LONG,range,n/a,TRENDING,0.3949,0.36695,0.4508,0.5067,2.0,-0.29,73.6,,11.8,2.41,,,,0,0.5,25.0,894.4544,timeout,0.3868,timeout,240,-7.25
HBAR/USDT,S5,2026-01-03 00:00,LONG,range,n/a,TRENDING,0.12161,0.116906,0.131018,0.140426,2.0,1.78,73.3,,11.54,2.01,,,,0,0.5,25.0,5314.6259,tp1+trail,0.129998,trail_stop,79,47.29
AAVE/USDT,S5,2026-01-03 00:00,LONG,range,n/a,TRENDING,165.22,151.43417,192.79166,220.36332,2.0,0.03,78.2,,6.12,1.96,,,,0,0.25,12.5,0.9067,timeout,165.68,timeout,240,0.42
TAO/USDT,S5,2026-01-03 00:00,LONG,range,n/a,TRENDING,249.1,230.749669,285.800662,322.501324,2.0,2.19,79.5,,7.84,2.21,,,,0,0.5,25.0,1.3624,tp1+trail,289.349006,trail_stop,86,52.42
XRP/USDT,S5,2026-01-03 04:00,LONG,range,n/a,TRANSITIONAL,2.0402,1.901012,2.318576,2.596952,2.0,2.08,80.5,,4.38,1.45,,,,0,0.25,12.5,89.8066,tp1+trail,2.329636,trail_stop,68,25.5
ALGO/USDT,S5,2026-01-03 04:00,LONG,range,n/a,TRENDING,0.1298,0.124627,0.140146,0.150492,2.0,-1.0,77.3,,17.06,1.96,,,,0,0.25,12.5,2416.3928,sl,0.124627,stop_loss,3,-12.5
BCH/USDT,S5,2026-01-03 04:00,LONG,range,n/a,TRANSITIONAL,628.8,598.515086,689.369828,749.939656,2.0,-0.42,70.9,,3.17,1.81,,,,0,0.25,12.5,0.4127,timeout,616.0,timeout,240,-5.28
ONDO/USDT,S5,2026-01-03 04:00,LONG,range,n/a,TRENDING,0.4286,0.402427,0.480946,0.533292,2.0,-1.0,79.3,,14.01,1.99,,,,0,0.25,12.5,477.5914,sl,0.402427,stop_loss,129,-12.5
FET/USDT,S5,2026-01-12 04:00,LONG,range,n/a,TRENDING,0.3097,0.280401,0.368298,0.426896,2.0,-1.0,64.5,,8.09,3.74,,,,0,1.5,75.0,2559.8143,sl,0.280401,stop_loss,17,-75.0
BTC/USDT,S5,2026-01-13 08:00,LONG,range,n/a,TRANSITIONAL,91942.0,90494.597825,94836.80435,97731.6087,2.0,1.96,57.5,,1.68,0.96,,,,0,0.25,12.5,0.0086,tp1+trail,94777.163475,trail_stop,22,24.64
CHZ/USDT,S5,2026-01-13 12:00,LONG,range,n/a,TRENDING,0.05409,0.051136,0.059998,0.065906,2.0,1.44,69.5,,18.91,3.75,,,,0,1.5,75.0,25389.3026,tp1+trail,0.058338,trail_stop,56,128.93
SOL/USDT,S5,2026-01-13 16:00,LONG,range,n/a,TRANSITIONAL,143.51,136.514039,157.501922,171.493844,2.0,-1.0,63.5,,6.48,1.82,,,,0,0.25,12.5,1.7867,sl,136.514039,stop_loss,128,-12.5
DOGE/USDT,S5,2026-01-14 00:00,LONG,range,n/a,TRANSITIONAL,0.14828,0.140368,0.164104,0.179928,2.0,-1.0,69.5,,3.96,2.13,,,,0,0.5,25.0,3159.7573,sl,0.140368,stop_loss,39,-25.0
ETH/USDT,S5,2026-01-14 04:00,LONG,range,n/a,TRANSITIONAL,3351.95,3165.712449,3724.425102,4096.900204,2.0,-1.0,80.6,,3.97,1.48,,,,0,0.25,12.5,0.0671,sl,3165.712449,stop_loss,139,-12.5
BNB/USDT,S5,2026-01-22 00:00,SHORT,range,n/a,TRANSITIONAL,883.36,900.427175,849.22565,815.0913,2.0,-1.0,34.7,,8.02,1.53,,,,0,0.25,12.5,0.7324,sl,900.427175,stop_loss,41,-12.5
LTC/USDT,S3,2026-01-23 08:00,SHORT,bear,bear,TRENDING,68.29,69.464413,64.61663,60.40326,2.0,-1.0,44.1,5.0,3.58,2.1,1.0,75.7,-0.533,3,0.5,25.0,21.2872,sl,69.464413,stop_loss,50,-25.0
NEAR/USDT,S5,2026-01-26 12:00,SHORT,range,n/a,TRANSITIONAL,1.453,1.49091,1.37718,1.30136,2.0,-1.0,37.9,,5.95,2.19,,,,0,0.5,25.0,659.4566,sl,1.49091,stop_loss,28,-25.0
CHZ/USDT,S5,2026-01-29 20:00,SHORT,range,n/a,TRENDING,0.04662,0.051664,0.036532,0.026444,2.0,1.38,28.8,,16.77,4.48,,,,0,1.5,75.0,14869.1515,tp1+trail,0.039666,trail_stop,174,126.7
ETH/USDT,S5,2026-01-30 04:00,SHORT,range,n/a,TRENDING,2741.11,2891.262367,2440.805266,2140.500532,2.0,2.86,28.2,,7.21,2.28,,,,0,0.5,25.0,0.1665,tp1+trail,2312.424735,trail_stop,38,60.69
SOL/USDT,S5,2026-01-30 04:00,SHORT,range,n/a,TRENDING,114.43,121.296697,100.696606,86.963212,2.0,2.04,25.4,,7.1,2.34,,,,0,0.5,25.0,3.6408,tp1+trail,100.410091,trail_stop,38,50.52
XRP/USDT,S5,2026-01-30 04:00,SHORT,range,n/a,TRANSITIONAL,1.7477,1.863303,1.516494,1.285288,2.0,1.48,27.9,,5.8,2.3,,,,0,0.5,25.0,216.2574,tp1+trail,1.576803,trail_stop,39,43.48
ADA/USDT,S5,2026-01-30 04:00,SHORT,range,n/a,TRANSITIONAL,0.3251,0.345312,0.284676,0.244252,2.0,2.16,28.3,,7.12,2.65,,,,0,0.5,25.0,1236.889,tp1+trail,0.281436,trail_stop,38,52.0
ATOM/USDT,S5,2026-01-30 04:00,SHORT,range,n/a,TRANSITIONAL,2.081,2.211509,1.819982,1.558964,2.0,1.44,27.7,,5.27,2.36,,,,0,0.5,25.0,191.5577,tp1+trail,1.893509,trail_stop,39,42.96
BNB/USDT,S5,2026-01-30 04:00,SHORT,range,n/a,TRANSITIONAL,845.7,877.029462,783.041076,720.382152,2.0,2.63,30.9,,5.71,1.58,,,,0,0.25,12.5,0.399,tp1+trail,763.338924,trail_stop,38,28.93
UNI/USDT,S5,2026-01-30 04:00,SHORT,range,n/a,TRENDING,4.251,4.562768,3.627464,3.003928,2.0,1.43,24.5,,7.51,2.76,,,,0,0.5,25.0,80.1878,tp1+trail,3.803766,trail_stop,39,42.93
FIL/USDT,S5,2026-01-30 04:00,SHORT,range,n/a,TRENDING,1.155,1.250842,0.963316,0.771632,2.0,1.47,26.9,,4.33,2.92,,,,0,1.5,75.0,782.5379,tp1+trail,1.01384,trail_stop,39,130.23
ALT/USDT,S5,2026-01-30 04:00,SHORT,range,n/a,TRANSITIONAL,0.01005,0.011032,0.008086,0.006122,2.0,2.86,25.2,,8.67,3.42,,,,0,1.5,75.0,76374.7454,tp1+trail,0.007244,trail_stop,164,182.15
FIDA/USDT,S5,2026-01-30 04:00,SHORT,range,n/a,TRENDING,0.0236,0.025056,0.020688,0.017776,2.0,-1.0,30.9,,6.4,3.02,,,,0,1.5,75.0,51510.989,sl,0.025056,stop_loss,12,-75.0
LTC/USDT,S5,2026-01-30 04:00,SHORT,range,n/a,TRENDING,63.99,67.470739,57.028522,50.067044,2.0,1.94,30.4,,6.13,2.35,,,,0,0.5,25.0,7.1824,tp1+trail,57.252218,trail_stop,38,49.2
TON/USDT,S5,2026-01-30 04:00,SHORT,range,n/a,TRANSITIONAL,1.421,1.496182,1.270636,1.120272,2.0,1.43,27.2,,5.19,2.0,,,,0,0.5,25.0,332.5264,tp1+trail,1.313182,trail_stop,39,42.93
DOT/USDT,S5,2026-01-30 16:00,SHORT,range,n/a,TRANSITIONAL,1.686,1.787459,1.483082,1.280164,2.0,2.16,27.0,,7.95,2.66,,,,0,0.5,25.0,246.405,tp1+trail,1.466379,trail_stop,26,52.06
GMT/USDT,S5,2026-01-30 16:00,SHORT,range,n/a,TRANSITIONAL,0.01472,0.015197,0.013766,0.012812,2.0,4.06,35.5,,10.94,2.81,,,,0,1.5,75.0,157232.7044,tp1+trail,0.012784,trail_stop,25,227.2
RENDER/USDT,S5,2026-01-30 16:00,SHORT,range,n/a,TRANSITIONAL,1.665,1.765924,1.463152,1.261304,2.0,1.76,30.1,,15.72,4.2,,,,0,1.5,75.0,743.1334,tp1+trail,1.487772,trail_stop,26,140.85
COS/USDT,S3,2026-02-03 09:00,SHORT,bear,bear,TRENDING,0.00113,0.001153,0.001011,0.000945,2.57,4.65,44.6,-1.4,4.2,2.56,1.0,50.0,-0.078,0,0.5,25.0,1086956.5217,tp1+trail,0.001023,trail_stop,55,123.07
TON/USDT,S3,2026-02-04 13:00,SHORT,bear,bear,TRENDING,1.377,1.405768,1.208586,1.059172,2.0,-1.0,41.7,-10.8,3.02,2.63,6.0,78.6,-0.832,0,0.5,25.0,869.0211,sl,1.405768,stop_loss,5,-25.0
UTK/USDT,S3,2026-02-04 13:00,SHORT,bear,bear,TRENDING,0.01028,0.010748,0.008876,0.007482,2.0,2.4,40.6,-9.9,3.97,3.67,3.0,71.4,-2.22,0,1.5,75.0,160256.4103,tp1+trail,0.009158,trail_stop,36,202.44
BTC/USDT,S5,2026-02-04 16:00,SHORT,range,n/a,TRENDING,74136.36,77858.280136,66692.519728,59248.679456,2.0,2.69,29.5,,6.44,2.39,,,,0,0.5,25.0,0.0067,tp1+trail,64118.520273,trail_stop,28,58.5
AVAX/USDT,S5,2026-02-05 00:00,SHORT,range,n/a,TRENDING,9.72,10.122294,8.915412,8.110824,2.0,2.8,36.2,,5.36,3.34,,,,0,1.5,75.0,186.4308,tp1+trail,8.594588,trail_stop,20,179.91
BNB/USDT,S5,2026-02-05 00:00,SHORT,range,n/a,TRENDING,697.27,747.092492,597.625016,497.980032,2.0,1.37,23.6,,6.16,2.98,,,,0,1.5,75.0,1.5053,tp1+trail,628.802492,trail_stop,25,126.53
APT/USDT,S5,2026-02-05 00:00,SHORT,range,n/a,TRENDING,1.22,1.272154,1.115692,1.011384,2.0,3.0,36.0,,5.66,3.8,,,,0,1.5,75.0,1438.0489,tp1+trail,1.063308,trail_stop,20,187.67
XRP/USDT,S5,2026-02-05 04:00,SHORT,range,n/a,TRENDING,1.4432,1.582807,1.163986,0.884772,2.0,1.56,23.7,,5.95,3.58,,,,0,1.5,75.0,537.2223,tp1+trail,1.225321,trail_stop,18,133.52
LINK/USDT,S5,2026-02-05 04:00,SHORT,range,n/a,TRENDING,9.1,9.648278,8.003444,6.906888,2.0,2.91,33.7,,7.56,3.92,,,,0,1.5,75.0,136.7919,tp1+trail,7.506557,trail_stop,20,183.99
DOT/USDT,S5,2026-02-05 04:00,SHORT,range,n/a,TRENDING,1.442,1.516673,1.292654,1.143308,2.0,1.78,32.9,,6.68,3.56,,,,0,1.5,75.0,1004.3791,tp1+trail,1.309017,trail_stop,16,141.78
UNI/USDT,S5,2026-02-05 04:00,SHORT,range,n/a,TRENDING,3.749,3.957304,3.332392,2.915784,2.0,3.67,37.4,,5.85,3.7,,,,0,1.5,75.0,360.0507,tp1+trail,2.983607,trail_stop,20,212.79
ME/USDT,S5,2026-02-05 04:00,SHORT,range,n/a,TRENDING,0.153,0.161732,0.135536,0.118072,2.0,3.65,34.4,,6.15,3.7,,,,0,1.5,75.0,8589.0976,tp1+trail,0.121164,trail_stop,20,211.72
ONDO/USDT,S5,2026-02-05 04:00,SHORT,range,n/a,TRENDING,0.2642,0.28351,0.22558,0.18696,2.0,2.62,36.2,,8.1,4.47,,,,0,1.5,75.0,3883.9979,tp1+trail,0.21362,trail_stop,20,173.23
SUI/USDT,S5,2026-02-05 04:00,SHORT,range,n/a,TRENDING,1.0637,1.131226,0.928648,0.793596,2.0,3.43,33.5,,7.42,4.14,,,,0,1.5,75.0,1110.6833,tp1+trail,0.832151,trail_stop,20,203.59
NEAR/USDT,S5,2026-02-05 08:00,SHORT,range,n/a,TRENDING,1.118,1.206983,0.940034,0.762068,2.0,1.29,32.5,,6.27,3.75,,,,0,1.5,75.0,842.8576,tp1+trail,1.002983,trail_stop,21,123.47
ENA/USDT,S5,2026-02-05 08:00,SHORT,range,n/a,TRENDING,0.13,0.138993,0.112014,0.094028,2.0,1.2,34.1,,6.59,4.14,,,,0,1.5,75.0,8339.8199,tp1+trail,0.119181,trail_stop,26,120.12
ETH/USDT,S5,2026-02-05 16:00,SHORT,range,n/a,TRENDING,1961.12,2243.02161,1397.31678,833.51356,2.0,-0.16,22.4,,10.35,4.93,,,,0,1.5,75.0,0.2661,timeout,2006.27,timeout,240,-12.01
SOL/USDT,S5,2026-02-05 16:00,SHORT,range,n/a,TRENDING,84.61,96.741785,60.34643,36.08286,2.0,-0.24,18.3,,12.62,4.8,,,,0,1.5,75.0,6.1821,timeout,87.57,timeout,240,-18.3
AAVE/USDT,S5,2026-02-05 16:00,SHORT,range,n/a,TRENDING,112.56,127.986716,81.706568,50.853136,2.0,-1.0,24.7,,5.86,4.35,,,,0,1.5,75.0,4.8617,sl,127.986716,stop_loss,209,-75.0
FIDA/USDT,S5,2026-02-19 00:00,SHORT,range,n/a,TRENDING,0.0188,0.020354,0.015692,0.012584,2.0,-1.0,21.8,,6.44,2.71,,,,0,0.5,25.0,16087.5161,sl,0.020354,stop_loss,45,-25.0
DOT/USDT,S5,2026-02-19 08:00,SHORT,range,n/a,TRENDING,1.309,1.336231,1.254538,1.200076,2.0,-1.0,38.8,,4.19,2.17,,,,0,0.5,25.0,918.0713,sl,1.336231,stop_loss,31,-25.0
CHZ/USDT,S5,2026-02-19 08:00,SHORT,range,n/a,TRENDING,0.03943,0.040193,0.037904,0.036378,2.0,0.94,38.2,,4.99,2.2,,,,0,0.5,25.0,32765.3997,tp1+trail,0.038709,trail_stop,16,36.81
ME/USDT,S5,2026-02-19 08:00,SHORT,range,n/a,TRENDING,0.127,0.133098,0.114804,0.102608,2.0,1.05,29.9,,7.14,3.78,,,,0,1.5,75.0,12299.1145,tp1+trail,0.120593,trail_stop,137,114.4
BTC/USDT,S5,2026-02-19 12:00,SHORT,range,n/a,TRENDING,66496.02,67841.098446,63805.863108,61115.706216,2.0,-1.0,41.0,,3.98,1.57,,,,0,0.25,12.5,0.0093,sl,67841.098446,stop_loss,17,-12.5
XRP/USDT,S5,2026-02-19 12:00,SHORT,range,n/a,TRENDING,1.4093,1.454856,1.318188,1.227076,2.0,-1.0,39.9,,5.18,2.38,,,,0,0.5,25.0,548.7751,sl,1.454856,stop_loss,50,-25.0
LINK/USDT,S5,2026-02-19 12:00,SHORT,range,n/a,TRENDING,8.57,8.85124,8.00752,7.44504,2.0,-1.0,41.5,,4.12,2.13,,,,0,0.5,25.0,88.892,sl,8.85124,stop_loss,28,-25.0
ALT/USDT,S5,2026-02-23 04:00,SHORT,range,n/a,TRENDING,0.00723,0.007927,0.005836,0.004442,2.0,-1.0,26.3,,8.74,3.23,,,,0,1.5,75.0,107604.0172,sl,0.007927,stop_loss,61,-75.0
DOGE/USDT,S5,2026-02-23 04:00,SHORT,range,n/a,TRENDING,0.09275,0.096909,0.084432,0.076114,2.0,-1.0,24.6,,5.26,2.02,,,,0,0.5,25.0,6011.0604,sl,0.096909,stop_loss,6,-25.0
BTC/USDT,S5,2026-02-24 04:00,SHORT,range,n/a,TRENDING,63595.51,67133.392954,56519.744092,49443.978184,2.0,-1.0,30.5,,4.36,1.68,,,,0,0.25,12.5,0.0035,sl,67133.392954,stop_loss,35,-12.5
ZEC/USDT,S5,2026-02-27 20:00,SHORT,range,n/a,TRENDING,217.41,232.478186,187.273628,157.137256,2.0,-1.0,30.2,,11.05,3.94,,,,0,1.5,75.0,4.9774,sl,232.478186,stop_loss,30,-75.0
INJ/USDT,S5,2026-02-28 08:00,SHORT,range,n/a,TRENDING,2.932,3.162285,2.47143,2.01086,2.0,-1.0,28.1,,7.72,3.5,,,,0,1.5,75.0,325.6834,sl,3.162285,stop_loss,2,-75.0
ATOM/USDT,S3,2026-03-03 08:00,SHORT,bear,bear,TRENDING,1.802,1.856601,1.704192,1.573384,2.0,-1.0,44.0,-3.4,4.86,2.42,1.0,88.9,-1.79,3,0.5,15.0,274.7202,sl,1.856601,stop_loss,24,-15.0
TRUMP/USDT,S5,2026-03-06 12:00,SHORT,range,n/a,TRANSITIONAL,3.18,3.320122,2.899756,2.619512,2.0,1.46,33.2,,8.73,2.52,,,,0,0.5,15.0,107.0496,tp1+trail,2.975367,trail_stop,99,25.95
ENA/USDT,S5,2026-03-07 04:00,SHORT,range,n/a,TRENDING,0.1024,0.109014,0.089172,0.075944,2.0,-1.0,31.5,,11.93,3.54,,,,0,1.5,45.0,6803.7496,sl,0.109014,stop_loss,140,-45.0
ADA/USDT,S5,2026-03-07 16:00,SHORT,range,n/a,TRANSITIONAL,0.2549,0.264109,0.236482,0.218064,2.0,-1.0,34.0,,9.13,2.44,,,,0,0.5,15.0,1628.8414,sl,0.264109,stop_loss,65,-15.0
DOT/USDT,S5,2026-03-07 16:00,SHORT,range,n/a,TRENDING,1.468,1.537351,1.329298,1.190596,2.0,-1.0,40.2,,5.75,2.77,,,,0,0.5,15.0,216.291,sl,1.537351,stop_loss,65,-15.0
TAO/USDT,S5,2026-03-13 00:00,LONG,range,n/a,TRANSITIONAL,217.9,199.974207,253.751586,289.603172,2.0,1.94,74.3,,6.88,3.24,,,,0,1.5,45.0,2.5103,tp1+trail,252.622622,trail_stop,49,88.58
INJ/USDT,S5,2026-03-13 04:00,LONG,range,n/a,TRANSITIONAL,3.127,2.989096,3.402808,3.678616,2.0,-1.0,72.1,,4.96,1.98,,,,0,0.25,7.5,54.3857,sl,2.989096,stop_loss,147,-7.5
RENDER/USDT,S5,2026-03-13 04:00,LONG,range,n/a,TRANSITIONAL,1.765,1.534222,2.226556,2.688112,2.0,-0.55,82.1,,16.77,3.15,,,,0,1.5,45.0,194.9926,timeout,1.639,timeout,240,-24.57
SOL/USDT,S5,2026-03-13 12:00,LONG,range,n/a,TRANSITIONAL,90.33,87.131825,96.72635,103.1227,2.0,-1.0,64.7,,5.43,2.25,,,,0,0.5,15.0,4.6902,sl,87.131825,stop_loss,18,-15.0
FET/USDT,S5,2026-03-16 08:00,LONG,range,n/a,TRENDING,0.2075,0.189757,0.242986,0.278472,2.0,2.12,73.4,,21.21,3.8,,,,0,1.5,45.0,2536.2115,tp1+trail,0.245073,trail_stop,9,92.65
LTC/USDT,S5,2026-03-16 08:00,LONG,range,n/a,TRANSITIONAL,57.4,55.43376,61.33248,65.26496,2.0,-1.0,71.8,,3.52,1.35,,,,0,0.25,12.5,6.3573,sl,55.43376,stop_loss,55,-12.5
TAO/USDT,S5,2026-03-16 12:00,LONG,range,n/a,TRENDING,293.6,263.902367,352.995266,412.390532,2.0,-1.0,75.4,,30.25,4.56,,,,0,1.5,45.0,1.5153,sl,263.902367,stop_loss,50,-45.0
ENA/USDT,S5,2026-03-16 16:00,LONG,range,n/a,TRANSITIONAL,0.1171,0.113782,0.123736,0.130372,2.0,-1.0,68.8,,9.21,2.42,,,,0,0.5,15.0,4520.7957,sl,0.113782,stop_loss,42,-15.0
TON/USDT,S5,2026-03-23 20:00,LONG,range,n/a,TRANSITIONAL,1.305,1.279828,1.355344,1.405688,2.0,-1.0,64.4,,4.25,1.71,,,,0,0.25,7.5,297.9501,sl,1.279828,stop_loss,69,-7.5
TAO/USDT,S5,2026-03-24 20:00,LONG,range,n/a,TRENDING,327.4,292.100772,397.998456,468.596912,2.0,-0.48,70.7,,16.18,4.64,,,,0,1.5,45.0,1.2748,timeout,310.4,timeout,240,-21.67
FET/USDT,S5,2026-03-25 12:00,LONG,range,n/a,TRENDING,0.2603,0.238774,0.303352,0.346404,2.0,-1.0,74.0,,23.02,4.55,,,,0,1.5,45.0,2090.4952,sl,0.238774,stop_loss,21,-45.0
ETH/USDT,S5,2026-03-28 12:00,SHORT,range,n/a,RANGING,1997.64,2027.667804,1937.584392,1877.528784,2.0,-1.0,32.7,,10.18,1.72,,,,0,0.25,7.5,0.2498,sl,2027.667804,stop_loss,1,-7.5
SOL/USDT,S5,2026-03-28 12:00,SHORT,range,n/a,RANGING,82.94,84.828784,79.162432,75.384864,2.0,0.73,33.3,,12.03,1.93,,,,0,0.25,7.5,3.9708,tp1+trail,81.558782,trail_stop,35,10.24
INJ/USDT,S5,2026-03-28 12:00,SHORT,range,n/a,TRANSITIONAL,2.865,2.94165,2.7117,2.5584,2.0,-1.0,36.4,,8.04,1.79,,,,0,0.25,7.5,97.8474,sl,2.94165,stop_loss,44,-7.5
TRUMP/USDT,S5,2026-03-28 12:00,SHORT,range,n/a,TRENDING,2.976,3.072034,2.783932,2.591864,2.0,-1.0,30.2,,12.53,2.09,,,,0,0.5,15.0,156.1947,sl,3.072034,stop_loss,68,-15.0
WLD/USDT,S3,2026-03-30 13:00,SHORT,bear,bear,TRENDING,0.2785,0.288554,0.2433,0.221796,2.49,3.49,46.6,-3.6,5.93,3.25,3.0,82.3,-0.377,0,1.5,45.0,4475.8305,tp1+trail,0.243454,trail_stop,153,157.21
NEAR/USDT,S3,2026-03-30 15:00,SHORT,bear,bear,TRENDING,1.18,1.202632,1.075724,0.971448,2.0,-1.0,43.5,-2.6,3.45,2.05,2.0,53.8,-0.691,2,0.5,15.0,662.7784,sl,1.202632,stop_loss,10,-15.0
ME/USDT,S3,2026-03-30 18:00,SHORT,bear,bear,TRENDING,0.099,0.100524,0.091706,0.084712,2.0,-1.0,43.3,-7.4,3.53,1.82,3.0,77.8,-0.555,1,0.25,7.5,4921.2598,sl,0.100524,stop_loss,31,-7.5
HBAR/USDT,S5,2026-03-31 08:00,SHORT,range,n/a,TRANSITIONAL,0.08558,0.089193,0.078354,0.071128,2.0,-1.0,29.5,,4.1,1.78,,,,0,0.25,7.5,2075.8373,sl,0.089193,stop_loss,20,-7.5
UNI/USDT,S5,2026-04-03 16:00,SHORT,range,n/a,TRANSITIONAL,3.168,3.299475,2.90505,2.6421,2.0,-1.0,32.0,,12.17,2.74,,,,0,0.5,15.0,114.0901,sl,3.299475,stop_loss,103,-15.0
ENA/USDT,S5,2026-04-03 16:00,SHORT,range,n/a,TRANSITIONAL,0.0806,0.083981,0.073838,0.067076,2.0,-1.0,31.2,,17.3,3.18,,,,0,1.5,45.0,13309.6717,sl,0.083981,stop_loss,71,-45.0
ZEC/USDT,S5,2026-04-07 04:00,LONG,range,n/a,TRANSITIONAL,254.88,244.838047,274.963906,295.047812,2.0,5.83,60.4,,10.01,2.76,,,,0,0.5,15.0,1.4937,tp1+trail,313.416094,trail_stop,17,58.72
ALT/USDT,S5,2026-04-08 00:00,LONG,range,n/a,TRANSITIONAL,0.00667,0.006216,0.007578,0.008486,2.0,3.57,61.3,,9.09,4.33,,,,0,1.5,45.0,99118.9427,tp1+trail,0.008291,trail_stop,199,125.34
ZEC/USDT,S5,2026-04-08 00:00,LONG,range,n/a,TRANSITIONAL,320.78,253.308777,455.722446,590.664892,2.0,0.23,86.9,,11.0,3.53,,,,0,1.5,75.0,1.1116,timeout,336.08,timeout,240,17.01
BTC/USDT,S5,2026-04-08 08:00,LONG,range,n/a,RANGING,71627.59,70730.316844,73422.136312,75216.682624,2.0,-1.0,69.9,,7.25,1.43,,,,0,0.25,12.5,0.0139,sl,70730.316844,stop_loss,6,-12.5
NEAR/USDT,S5,2026-04-08 08:00,LONG,range,n/a,TRANSITIONAL,1.351,1.269624,1.513752,1.676504,2.0,0.7,71.4,,6.5,2.28,,,,0,0.5,25.0,307.2159,timeout,1.408,timeout,240,17.51
TON/USDT,S5,2026-04-10 08:00,LONG,range,n/a,RANGING,1.282,1.220301,1.405398,1.528796,2.0,1.81,58.2,,6.19,2.29,,,,0,0.5,25.0,405.193,tp1+trail,1.393903,trail_stop,32,47.67
DASH/USDT,S5,2026-04-10 12:00,LONG,range,n/a,RANGING,42.12,34.565448,57.229104,72.338208,2.0,-1.0,86.9,,17.22,3.87,,,,0,1.5,75.0,9.9278,sl,34.565448,stop_loss,198,-75.0
LUNC/USDT,S5,2026-04-11 00:00,LONG,range,n/a,TRENDING,4.1e-05,3.7e-05,4.8e-05,5.5e-05,2.01,1.5,76.7,,7.71,2.17,,,,0,0.5,25.0,6250000.0,tp1+trail,4.7e-05,trail_stop,146,40.09
TRX/USDT,S5,2026-04-13 08:00,LONG,range,n/a,TRENDING,0.3217,0.319783,0.325534,0.329368,2.0,-1.0,59.7,,1.52,0.45,,,,0,0.25,12.5,6520.6051,sl,0.319783,stop_loss,6,-12.5
AAVE/USDT,S5,2026-04-15 00:00,LONG,range,n/a,TRANSITIONAL,99.99,95.77355,108.4229,116.8558,2.0,1.09,59.9,,13.95,2.83,,,,0,1.5,75.0,17.7875,tp1+trail,104.59065,trail_stop,37,115.92
DOGE/USDT,S5,2026-04-16 04:00,LONG,range,n/a,RANGING,0.09702,0.093521,0.104018,0.111016,2.0,-1.0,64.9,,6.61,1.81,,,,0,0.25,12.5,3572.4493,sl,0.093521,stop_loss,75,-12.5
LTC/USDT,S5,2026-04-16 08:00,LONG,range,n/a,RANGING,55.57,54.489702,57.730596,59.891192,2.0,-1.0,62.2,,5.04,1.15,,,,0,0.25,12.5,11.5709,sl,54.489702,stop_loss,84,-12.5
CHZ/USDT,S5,2026-04-16 12:00,LONG,range,n/a,TRANSITIONAL,0.0435,0.037406,0.055688,0.067876,2.0,1.06,77.9,,6.88,2.87,,,,0,1.5,75.0,12307.1874,timeout,0.04993,timeout,240,79.14
DOT/USDT,S5,2026-04-16 16:00,LONG,range,n/a,TRENDING,1.327,1.228846,1.523308,1.719616,2.0,-1.0,70.4,,9.6,2.59,,,,0,0.5,25.0,254.7018,sl,1.228846,stop_loss,169,-25.0
FIL/USDT,S5,2026-04-16 16:00,LONG,range,n/a,TRANSITIONAL,1.014,0.948913,1.144174,1.274348,2.0,-1.0,78.4,,12.39,2.38,,,,0,0.5,25.0,384.1013,sl,0.948913,stop_loss,43,-25.0
APT/USDT,S5,2026-04-16 16:00,LONG,range,n/a,TRANSITIONAL,0.988,0.905592,1.152816,1.317632,2.0,0.0,78.9,,12.91,2.51,,,,0,0.5,25.0,303.3686,timeout,0.988,timeout,240,0.0
AAVE/USDT,S5,2026-04-16 16:00,LONG,range,n/a,TRANSITIONAL,109.9,103.217053,123.265894,136.631788,2.0,-1.0,69.8,,20.22,2.81,,,,0,1.5,75.0,11.2226,sl,103.217053,stop_loss,50,-75.0
PENGU/USDT,S5,2026-04-16 16:00,LONG,range,n/a,TRANSITIONAL,0.00758,0.007139,0.008462,0.009344,2.0,-1.0,67.1,,15.68,3.18,,,,0,1.5,75.0,170068.0272,sl,0.007139,stop_loss,58,-75.0
UNI/USDT,S5,2026-04-17 08:00,LONG,range,n/a,TRANSITIONAL,3.4,3.291874,3.616252,3.832504,2.0,-1.0,65.2,,9.75,2.07,,,,0,0.5,25.0,231.2117,sl,3.291874,stop_loss,42,-25.0
PENGU/USDT,S5,2026-04-22 04:00,LONG,range,n/a,RANGING,0.007972,0.007306,0.009304,0.010636,2.0,2.72,63.0,,12.42,3.33,,,,0,1.5,75.0,112612.6126,tp1+trail,0.009783,trail_stop,118,176.97
BCH/USDT,S5,2026-04-22 08:00,LONG,range,n/a,TRANSITIONAL,469.9,444.357654,520.984692,572.069384,2.0,-1.0,74.3,,2.54,1.34,,,,0,0.25,12.5,0.4894,sl,444.357654,stop_loss,150,-12.5
BTC/USDT,S5,2026-04-22 12:00,LONG,range,n/a,TRANSITIONAL,78300.0,76855.64399,81188.71202,84077.42404,2.0,-1.0,65.7,,4.04,1.3,,,,0,0.25,12.5,0.0087,sl,76855.64399,stop_loss,123,-12.5
NEAR/USDT,S5,2026-04-22 12:00,LONG,range,n/a,TRANSITIONAL,1.424,1.385425,1.50115,1.5783,2.0,-1.0,61.4,,5.62,1.91,,,,0,0.25,12.5,324.0441,sl,1.385425,stop_loss,15,-12.5
ATOM/USDT,S5,2026-04-25 04:00,LONG,range,n/a,RANGING,2.03,1.93015,2.2297,2.4294,2.0,-1.0,78.5,,9.31,1.56,,,,0,0.25,12.5,125.1878,sl,1.93015,stop_loss,107,-12.5
ALGO/USDT,S5,2026-04-25 20:00,LONG,range,n/a,TRANSITIONAL,0.1177,0.111729,0.129642,0.141584,2.0,-1.0,75.8,,13.41,2.5,,,,0,0.5,25.0,4186.9034,sl,0.111729,stop_loss,66,-25.0
LUNC/USDT,S5,2026-04-27 12:00,LONG,range,n/a,TRENDING,6.1e-05,5.6e-05,7.2e-05,8.2e-05,2.04,2.4,72.1,,22.35,4.5,,,,0,1.5,75.0,15000000.0,tp1+trail,7.3e-05,trail_stop,73,176.03
PENGU/USDT,S5,2026-04-28 00:00,LONG,range,n/a,TRENDING,0.010329,0.00921,0.012567,0.014805,2.0,0.0,72.5,,14.94,4.53,,,,0,1.5,75.0,67024.1287,timeout,0.010329,timeout,240,0.0
DOGE/USDT,S5,2026-04-29 12:00,LONG,range,n/a,TRANSITIONAL,0.10969,0.100129,0.128812,0.147934,2.0,-0.03,81.2,,3.78,1.86,,,,0,0.25,12.5,1307.3946,timeout,0.10943,timeout,240,-0.34
APT/USDT,S5,2026-05-01 04:00,LONG,range,n/a,RANGING,1.029,0.967708,1.151584,1.274168,2.0,-1.0,61.6,,8.55,2.58,,,,0,0.5,25.0,407.8836,sl,0.967708,stop_loss,78,-25.0
DASH/USDT,S5,2026-05-01 16:00,LONG,range,n/a,RANGING,36.83,35.109189,40.271622,43.713244,2.0,2.61,65.3,,5.48,2.12,,,,0,0.5,25.0,14.528,tp1+trail,41.318378,trail_stop,57,57.6
TRX/USDT,S5,2026-05-01 20:00,LONG,range,n/a,TRENDING,0.3268,0.324657,0.331086,0.335372,2.0,2.9,63.2,,1.56,0.39,,,,0,0.25,12.5,5832.9445,tp1+trail,0.333014,trail_stop,20,30.62
BTC/USDT,S5,2026-05-02 16:00,LONG,range,n/a,TRANSITIONAL,78487.67,77416.067539,80630.874922,82774.079844,2.0,1.06,63.2,,3.67,0.86,,,,0,0.25,12.5,0.0117,tp1+trail,79623.07754,trail_stop,38,19.18
ONDO/USDT,S5,2026-05-02 16:00,LONG,range,n/a,RANGING,0.2894,0.264289,0.339622,0.389844,2.0,2.36,75.1,,4.41,2.01,,,,0,0.5,25.0,995.5796,tp1+trail,0.348667,trail_stop,112,54.5
ZEC/USDT,S5,2026-05-02 16:00,LONG,range,n/a,TRENDING,375.07,366.913393,391.383214,407.696428,2.0,2.11,65.8,,16.81,2.51,,,,0,0.5,25.0,3.065,tp1+trail,392.296787,trail_stop,19,51.4
TON/USDT,S5,2026-05-05 00:00,LONG,range,n/a,TRENDING,1.653,1.389138,2.180724,2.708448,2.0,1.91,91.4,,8.19,2.4,,,,0,0.5,25.0,94.7465,tp1+trail,2.156416,trail_stop,29,48.85
ETH/USDT,S5,2026-05-05 04:00,LONG,range,n/a,TRANSITIONAL,2382.43,2297.622472,2552.045056,2721.660112,2.0,-1.0,63.6,,4.3,1.4,,,,0,0.25,12.5,0.1474,sl,2297.622472,stop_loss,58,-12.5
LINK/USDT,S5,2026-05-05 04:00,LONG,range,n/a,TRANSITIONAL,9.51,9.179676,10.170648,10.831296,2.0,1.63,67.8,,2.55,1.48,,,,0,0.25,12.5,37.8416,tp1+trail,10.049028,trail_stop,33,22.7
BNB/USDT,S5,2026-05-05 04:00,LONG,range,n/a,RANGING,627.81,617.351622,648.726756,669.643512,2.0,2.98,59.5,,1.6,0.84,,,,0,0.25,12.5,1.1952,tp1+trail,658.963244,trail_stop,32,31.12
OP/USDT,S5,2026-05-05 04:00,LONG,range,n/a,RANGING,0.1273,0.118918,0.144064,0.160828,2.0,1.87,60.0,,5.9,2.49,,,,0,0.5,25.0,2982.5817,tp1+trail,0.142954,trail_stop,42,48.34
ALT/USDT,S5,2026-05-05 04:00,LONG,range,n/a,TRENDING,0.00797,0.00756,0.00879,0.00961,2.0,-1.0,64.6,,4.59,1.77,,,,0,0.25,12.5,30487.8049,sl,0.00756,stop_loss,203,-12.5
SUI/USDT,S5,2026-05-05 04:00,LONG,range,n/a,TRANSITIONAL,0.9413,0.912236,0.999428,1.057556,2.0,2.6,59.5,,2.95,1.52,,,,0,0.25,12.5,430.0853,tp1+trail,1.016773,trail_stop,29,28.73
BTC/USDT,S5,2026-05-05 16:00,LONG,range,n/a,TRENDING,81525.19,79181.526272,86212.517456,90899.844912,2.0,-1.0,70.8,,3.29,1.07,,,,0,0.25,12.5,0.0053,sl,79181.526272,stop_loss,59,-12.5
ADA/USDT,S5,2026-05-05 20:00,LONG,range,n/a,RANGING,0.2587,0.254056,0.267988,0.277276,2.0,2.5,64.9,,3.37,1.35,,,,0,0.25,12.5,2691.6451,tp1+trail,0.270311,trail_stop,13,28.13
ICP/USDT,S5,2026-05-05 20:00,LONG,range,n/a,TRANSITIONAL,2.601,2.380859,3.041282,3.481564,2.0,1.62,78.1,,3.86,2.16,,,,0,0.5,25.0,113.5636,tp1+trail,2.956858,trail_stop,21,45.21
BCH/USDT,S5,2026-05-06 00:00,LONG,range,n/a,RANGING,461.4,450.970112,482.259776,503.119552,2.0,1.46,65.7,,3.45,1.18,,,,0,0.25,12.5,1.1985,tp1+trail,476.610336,trail_stop,5,21.62
SOL/USDT,S5,2026-05-06 04:00,LONG,range,n/a,RANGING,87.33,85.657922,90.674156,94.018312,2.0,2.66,70.4,,3.18,1.17,,,,0,0.25,12.5,7.4757,tp1+trail,91.775844,trail_stop,65,29.12
HBAR/USDT,S5,2026-05-06 04:00,LONG,range,n/a,RANGING,0.09132,0.088682,0.096596,0.101872,2.0,2.28,70.1,,2.35,1.13,,,,0,0.25,12.5,4738.4382,tp1+trail,0.097326,trail_stop,109,26.73
LTC/USDT,S5,2026-05-06 08:00,LONG,range,n/a,RANGING,57.16,55.777876,59.924248,62.688496,2.0,1.46,71.0,,2.28,0.99,,,,0,0.25,12.5,9.0441,tp1+trail,59.173627,trail_stop,108,21.61
TON/USDT,S5,2026-05-06 08:00,LONG,range,n/a,TRENDING,2.17,1.827658,2.854684,3.539368,2.0,1.7,94.6,,54.56,4.36,,,,0,1.5,75.0,219.0792,tp1+trail,2.751972,trail_stop,22,138.75
ADA/USDT,S5,2026-05-06 12:00,LONG,range,n/a,RANGING,0.2718,0.256324,0.302752,0.333704,2.0,-1.0,78.7,,5.04,1.53,,,,0,0.25,12.5,807.7022,sl,0.256324,stop_loss,234,-12.5
AVAX/USDT,S5,2026-05-06 12:00,LONG,range,n/a,RANGING,9.74,9.416785,10.38643,11.03286,2.0,-1.0,76.6,,6.07,1.5,,,,0,0.25,12.5,38.6739,sl,9.416785,stop_loss,26,-12.5
NEAR/USDT,S5,2026-05-06 12:00,LONG,range,n/a,TRANSITIONAL,1.482,1.292099,1.861802,2.241604,2.0,0.06,82.5,,4.39,2.15,,,,0,0.5,25.0,131.6475,timeout,1.493,timeout,240,1.45
INJ/USDT,S5,2026-05-06 12:00,LONG,range,n/a,TRENDING,3.901,3.789272,4.124456,4.347912,2.0,-1.0,67.0,,5.1,2.14,,,,0,0.5,25.0,223.7577,sl,3.789272,stop_loss,14,-25.0
RENDER/USDT,S5,2026-05-06 12:00,LONG,range,n/a,TRANSITIONAL,1.984,1.880856,2.190288,2.396576,2.0,-1.0,78.6,,8.85,2.03,,,,0,0.5,25.0,242.3796,sl,1.880856,stop_loss,146,-25.0
SUI/USDT,S5,2026-05-06 12:00,LONG,range,n/a,TRANSITIONAL,1.0301,0.968205,1.15389,1.27768,2.0,-1.0,84.7,,8.08,1.75,,,,0,0.25,12.5,201.9549,sl,0.968205,stop_loss,14,-12.5
SOL/USDT,S5,2026-05-09 20:00,LONG,range,n/a,TRANSITIONAL,93.51,91.033848,98.462304,103.414608,2.0,-1.0,70.2,,6.83,1.49,,,,0,0.25,12.5,5.0482,sl,91.033848,stop_loss,91,-12.5
LINK/USDT,S5,2026-05-09 20:00,LONG,range,n/a,TRANSITIONAL,10.45,10.18743,10.97514,11.50028,2.0,-1.0,66.7,,7.97,1.77,,,,0,0.25,12.5,47.6064,sl,10.18743,stop_loss,66,-12.5
ENA/USDT,S5,2026-05-09 20:00,LONG,range,n/a,TRENDING,0.1317,0.125373,0.144354,0.157008,2.0,-1.0,67.2,,18.95,3.69,,,,0,1.5,75.0,11853.9592,sl,0.125373,stop_loss,53,-75.0
BTC/USDT,S5,2026-05-14 12:00,SHORT,range,n/a,TRENDING,79258.27,80400.694725,76973.42055,74688.5711,2.0,-1.0,41.8,,3.41,1.02,,,,0,0.25,12.5,0.0109,sl,80400.694725,stop_loss,2,-12.5
APT/USDT,S5,2026-05-16 00:00,SHORT,range,n/a,TRENDING,0.988,1.016848,0.930304,0.872608,2.0,2.23,35.2,,12.21,2.8,,,,0,1.5,75.0,2599.8336,tp1+trail,0.923696,trail_stop,47,158.59
ENA/USDT,S5,2026-05-16 00:00,SHORT,range,n/a,TRENDING,0.111,0.114825,0.10335,0.0957,2.0,0.92,35.7,,12.06,3.47,,,,0,1.5,75.0,19607.8431,tp1+trail,0.107475,trail_stop,111,109.56
ONDO/USDT,S5,2026-05-16 00:00,SHORT,range,n/a,TRENDING,0.3632,0.379027,0.331546,0.299892,2.0,-1.0,38.5,,11.51,3.98,,,,0,1.5,75.0,4738.7376,sl,0.379027,stop_loss,69,-75.0
AAVE/USDT,S5,2026-05-16 04:00,SHORT,range,n/a,TRANSITIONAL,92.04,95.31445,85.4911,78.9422,2.0,1.94,35.0,,6.48,2.27,,,,0,0.5,25.0,7.6349,tp1+trail,85.68335,trail_stop,180,49.27
TAO/USDT,S5,2026-05-16 04:00,SHORT,range,n/a,TRANSITIONAL,282.7,293.412451,261.275098,239.850196,2.0,1.66,30.9,,9.53,2.48,,,,0,0.5,25.0,2.3337,tp1+trail,264.937351,trail_stop,66,45.73
ETH/USDT,S5,2026-05-16 08:00,SHORT,range,n/a,TRANSITIONAL,2194.81,2247.131227,2090.167546,1985.525092,2.0,1.38,31.6,,3.99,1.3,,,,0,0.25,12.5,0.2389,tp1+trail,2122.393683,trail_stop,59,21.15
OP/USDT,S5,2026-05-16 08:00,SHORT,range,n/a,TRENDING,0.1329,0.140447,0.117806,0.102712,2.0,0.7,29.1,,13.89,2.78,,,,0,0.5,25.0,3312.5745,timeout,0.1276,timeout,177,17.56
GMT/USDT,S5,2026-05-16 08:00,SHORT,range,n/a,TRENDING,0.01121,0.012008,0.009614,0.008018,2.0,-1.0,35.7,,14.25,3.88,,,,0,1.5,75.0,93984.9624,sl,0.012008,stop_loss,166,-75.0
ICP/USDT,S5,2026-05-16 08:00,SHORT,range,n/a,TRENDING,2.551,2.73573,2.18154,1.81208,2.0,-1.0,26.6,,27.13,3.9,,,,0,1.5,75.0,405.9979,sl,2.73573,stop_loss,143,-75.0
SUI/USDT,S5,2026-05-16 08:00,SHORT,range,n/a,TRENDING,1.07,1.15277,0.90446,0.73892,2.0,-1.0,30.9,,11.57,3.43,,,,0,1.5,75.0,906.1254,sl,1.15277,stop_loss,129,-75.0
